Workbook
Name Slicer_amount: #N/A
Name Slicer_Bucket: #N/A
Name Slicer_Month: #N/A
Name Slicer_Status: #N/A

Sheet Dashboard
A1: Student Fee Reconcilation Dashboard

Sheet Status_Pivot
A3: Row Labels | B3: Count of txn id
A4: Success | B4: 2
A5: Grand Total | B5: 2

Sheet Bucket_Pivot
A3: Row Labels | B3: Sum of amount
A4: Low | B4: 200
A5: Medium | B5: 2300
A6: Grand Total | B6: 2500

Sheet Monthly_Pivot
A3: Row Labels | B3: Sum of amount
A4: Mar | B4: 2500
A5: Grand Total | B5: 2500

Sheet cc1
A1: txn id | B1: Student id | C1: amount | D1: date | E1: Month | F1: Match/Mismatch | G1: Status | H1: Revenue Type | I1: Bucket
A2: TXN101 | B2: S001 | C2: 5000 | D2: 46023 | E2: =TEXT(Table1[[#This Row],[date]],"mmm") -> Jan | F2: =IFERROR(IF(VLOOKUP(A2,internal!A:D,3,FALSE)=C2,"match","Mismatch"),"Not Found") -> match | G2: =IF(F2="match","Success","Failed") -> Success | H2: =IF(D2="Success","Collected","Not Collected") -> Not Collected | I2: =IF(C2<1000,"Low",IF(C2<=5000,"Medium","High")) -> Medium
A3: TXN102 | B3: S002 | C3: 7000 | D3: 46023 | E3: =TEXT(Table1[[#This Row],[date]],"mmm") -> Jan | F3: =IFERROR(IF(VLOOKUP(A3,internal!A:D,3,FALSE)=C3,"match","Mismatch"),"Not Found") -> Mismatch | G3: =IF(F3="match","Success","Failed") -> Failed | H3: =IF(D3="Success","Collected","Not Collected") -> Not Collected | I3: =IF(C3<1000,"Low",IF(C3<=5000,"Medium","High")) -> High
A4: TXN103 | B4: S003 | C4: 600 | D4: 46037 | E4: =TEXT(Table1[[#This Row],[date]],"mmm") -> Jan | F4: =IFERROR(IF(VLOOKUP(A4,internal!A:D,3,FALSE)=C4,"match","Mismatch"),"Not Found") -> match | G4: =IF(F4="match","Success","Failed") -> Success | H4: =IF(D4="Success","Collected","Not Collected") -> Not Collected | I4: =IF(C4<1000,"Low",IF(C4<=5000,"Medium","High")) -> Low
A5: TXN104 | B5: S004 | C5: 2100 | D5: 46043 | E5: =TEXT(Table1[[#This Row],[date]],"mmm") -> Jan | F5: =IFERROR(IF(VLOOKUP(A5,internal!A:D,3,FALSE)=C5,"match","Mismatch"),"Not Found") -> match | G5: =IF(F5="match","Success","Failed") -> Success | H5: =IF(D5="Success","Collected","Not Collected") -> Not Collected | I5: =IF(C5<1000,"Low",IF(C5<=5000,"Medium","High")) -> Medium
A6: TXN105 | B6: S005 | C6: 2300 | D6: 46083 | E6: =TEXT(Table1[[#This Row],[date]],"mmm") -> Mar | F6: =IFERROR(IF(VLOOKUP(A6,internal!A:D,3,FALSE)=C6,"match","Mismatch"),"Not Found") -> match | G6: =IF(F6="match","Success","Failed") -> Success | H6: =IF(D6="Success","Collected","Not Collected") -> Not Collected | I6: =IF(C6<1000,"Low",IF(C6<=5000,"Medium","High")) -> Medium
A7: TXN106 | B7: S006 | C7: 200 | D7: 46083 | E7: =TEXT(Table1[[#This Row],[date]],"mmm") -> Mar | F7: =IFERROR(IF(VLOOKUP(A7,internal!A:D,3,FALSE)=C7,"match","Mismatch"),"Not Found") -> match | G7: =IF(F7="match","Success","Failed") -> Success | H7: =IF(D7="Success","Collected","Not Collected") -> Not Collected | I7: =IF(C7<1000,"Low",IF(C7<=5000,"Medium","High")) -> Low
A8: TXN107 | B8: S007 | C8: 1100 | D8: 46055 | E8: =TEXT(Table1[[#This Row],[date]],"mmm") -> Feb | F8: =IFERROR(IF(VLOOKUP(A8,internal!A:D,3,FALSE)=C8,"match","Mismatch"),"Not Found") -> Mismatch | G8: =IF(F8="match","Success","Failed") -> Failed | H8: =IF(D8="Success","Collected","Not Collected") -> Not Collected | I8: =IF(C8<1000,"Low",IF(C8<=5000,"Medium","High")) -> Medium

Sheet internal
A1: txn id | B1: Student id | C1: amount | D1: status
A2: TXN101 | B2: S001 | C2: 5000 | D2: Paid
A3: TXN102 | B3: S002 | C3: 0 | D3: Pending
A4: TXN103 | B4: S003 | C4: 600 | D4: Paid
A5: TXN104 | B5: S004 | C5: 2100 | D5: Paid
A6: TXN105 | B6: S005 | C6: 2300 | D6: Paid
A7: TXN106 | B7: S006 | C7: 200 | D7: Paid
A8: TXN107 | B8: S007 | C8: 0 | D8: Pending
